ingenio,cana_molida_bruta,cana_molida_neta,superficie_cosechada,azucar_producida_total,azucar_producida_refinada,azucar_producida_estandar,azucar_producida_blanca_especial,azucar_producida_mascabado,alcohol_96_gl_producido,miel_final_85_brix_producida,karbe_ton_cana_bruta_teorico,karbe_ton_cana_neta_teorico,extraccion_de_jugo_mezclado_en_cana,extraccion_pol_por_pol_cana,bagazo_en_cana,fibra_en_cana,pol_en_cana,brix_en_jugo_mezclado,pol_en_jugo_mezclado,pza_aparente_jugo_mezclado,pol_en_bagazo,humedad_en_bagazo,materia_extrana_en_cana,perdidas_de_bagazo,perdidas_de_miel_final_producida_y_estimada,perdidas_en_cachaza,perdidas_indeterminadas,perdidas_totales,consumo_de_petroleo_en_pruebas,consumo_de_petroleo_en_molienda,consumo_de_petroleo_en_liquidacion,consumo_de_petroleo_en_fabrica_alcohol,consumo_de_petroleo_total,tiempo_perdido_en_fabrica_h,tiempo_perdido_por_personal_h,tiempo_perdido_por_dias_festivos_h,tiempo_perdido_en_campo_h,tiempo_perdido_por_lluvias_h,tiempo_perdido_total_h,eficiencia_en_fabrica,cluster,cluster_name,class_id
central_motzorongo_s.a._de_c.v.,686051.645,659776.0206666667,11234.84125,70545.10870833333,0.0,51895.02533333333,0.0,18650.083375,0.0,17059.049416666665,106.70182425,110.81079166666666,3.765833333333333,3.9762500000000003,1.0958333333333334,12.030000000000001,12.52875,15.67,0.5620833333333334,83.14375,2.24125,50.080000000000005,2367.784416666667,4051.3414166666666,5921.732291666667,2210.4415833333333,3928.049833333333,16111.565125000001,0.0,242509.375,2807.2083333333335,0.0,245316.58333333334,59.65486111111111,4.060416666666667,0.0,157.21805555555557,154.23402777777778,375.1673611111111,81.48254166666666,2,Eficientes,1
central_progreso_s.a._de_c.v.,433994.5227272727,433980.88386363635,7403.405909090909,53487.895454545454,0.0,53487.895454545454,0.0,0.0,0.0,12983.471954545454,122.1855979090909,122.18772727272727,90.43681818181818,90.37886363636363,28.318136363636366,13.9765,14.285045454545456,16.581045454545457,13.618181818181819,86.06336363636363,2.4336363636363636,49.535363636363634,13.638863636363636,3107.808318181818,4770.106545454545,680.9008636363636,610.1740909090909,9168.989818181819,119593.0,40274.0,0.0,0.0,159867.0,103.23106060606061,7.113636363636363,27.6780303030303,38.82954545454545,126.75378787878789,303.60606060606057,84.59686363636364,2,Eficientes,1
cia._industrial_azucarera_s.a_de_c.v.,361169.65625,352094.184375,7182.860166666666,39406.902083333334,0.0,39406.902083333334,0.0,0.0,0.0,9670.401916666668,107.96703366666667,110.63583333333334,87.61183333333334,89.65020833333334,28.003791666666668,12.975125,12.720875,15.557541666666665,12.451791666666667,83.61391666666667,2.6819166666666665,52.184958333333334,8349.620499999999,2942.500541666667,3305.561708333333,361.71116666666666,584.6066666666667,7194.3800833333335,0.0,139454.08333333334,0.0,0.0,139454.08333333334,196.2777777777778,10.585416666666667,0.0,74.11458333333333,115.96875,396.96527777777777,83.78587499999999,2,Eficientes,1
cia_azucarera_ingenio_bellavista_s.a_de_c.v.,397637.9591785715,386666.2815714286,4325.655,45955.00535714285,0.0,45955.00535714285,0.0,0.0,0.0,13894.509357142857,111.50782771428571,114.60078571428572,99.56942857142857,94.91225,26.470285714285716,11.918642857142856,13.254999999999999,15.573535714285715,12.635035714285715,81.08921428571429,2.532678571428572,51.60275,10971.677607142858,2609.605892857143,4040.601964285714,446.94692857142854,952.2033214285714,8049.358107142857,0.0,0.0,0.0,0.0,0.0,93.17857142857143,11.880952380952381,0.0,16.255952380952383,157.70238095238096,279.01785714285717,84.54324999999999,2,Eficientes,1
cia._azucarera_del_rio_guayalejo_s.a._de_c.v.,614442.0337096775,565534.8843548386,9001.943548387097,56690.680645161294,43046.346774193546,13644.333870967743,0.0,0.0,0.0,21500.108,106.46938661290322,115.9041935483871,98.40896774193548,93.64361290322582,28.419225806451614,12.33548387096774,12.885967741935485,15.537387096774193,12.267451612903226,78.91967741935484,2.8699032258064516,51.52619354838709,48907.075548387096,4977.071612903226,8432.565516129032,1343.7452580645163,7402.75635483871,22156.138741935483,230637.0,641281.5161290322,0.0,0.0,871918.5161290322,403.3198924731183,5.741935483870968,0.0,126.45430107526882,140.6209677419355,676.1344086021505,72.596,0,Gigantes,0
cia_azucarera_la_fe_s.a._de_c.v.,837729.2884615385,825163.760923077,8469.482692307693,106054.05769230769,0.0,106054.05769230769,0.0,0.0,3381311.5384615385,25886.718423076924,123.30195211538461,125.17965384615384,98.6366153846154,96.3803076923077,26.335846153846152,11.837499999999999,14.309153846153846,16.47919230769231,13.986192307692308,84.85315384615384,1.966076923076923,52.135807692307694,12565.52753846154,4392.471576923077,9083.459346153846,939.3926538461538,1056.4428076923077,15471.766384615385,0.0,0.0,0.0,0.0,0.0,112.23717948717947,9.891025641025639,73.16666666666666,0.1474358974358974,1.823717948717949,194.75641025641028,86.97846153846154,2,Eficientes,1
fideicomiso_ingenio_atencingo,916033.584,905043.1548,7724.8207999999995,114817.286,0.0,114817.286,0.0,0.0,0.0,33809.23548,125.20018676,126.71876,94.59819999999999,95.34415999999999,26.907719999999998,12.2826,14.60904,17.43328,14.722719999999999,84.45024,2.52704,50.8288,10990.429199999999,6518.293839999999,11482.1934,427.08412,1721.7776000000001,20149.34896,0.0,0.0,0.0,0.0,0.0,100.67666666666666,22.866666666666664,0.0,11.656666666666668,5.673333333333334,140.87333333333333,85.25668,2,Eficientes,1
fideicomiso_ingenio_casasano,320123.97185185185,320123.97185185185,2879.0226666666663,42186.84259259259,0.0,42186.84259259259,0.0,0.0,0.0,10525.761888888888,125.29802848148148,125.29799999999999,101.64996296296296,96.6662962962963,27.300407407407405,13.157185185185185,14.666296296296297,16.425185185185185,13.943444444444445,84.87922222222223,1.7889629629629629,49.084074074074074,0.0,1572.9288148148148,3305.1424444444447,197.1772222222222,606.9167777777778,5682.165259259259,0.0,0.0,0.0,0.0,0.0,63.2253086419753,2.058641975308642,0.0,7.0,39.30246913580246,111.44444444441976,87.77988888888888,2,Eficientes,1
fideicomiso_ingenio_el_modelo,545283.1554761905,525620.1554285714,6145.083333333333,60146.068952380956,0.0,60146.068952380956,0.0,0.0,0.0,17474.175666666666,109.92349666666667,114.0022380952381,97.14361904761905,95.86704761904763,26.34604761904762,12.395238095238096,12.942047619047619,15.366952380952382,12.772,83.10814285714285,2.0300000000000002,50.19190476190476,19663.000047619047,2958.8369047619044,6230.502904761905,577.4540476190476,935.9280000000001,10702.721857142857,0.0,0.0,0.0,0.0,0.0,33.47698412698413,68.10317460317461,0.0,7.764285714285715,44.95793650793651,154.3325396825397,84.34609523809524,2,Eficientes,1
fideicomiso_ingenio_el_potrero,865988.7951999999,845041.21924,13635.66,98986.37599999999,98986.37599999999,0.0,0.0,0.0,0.0,27691.79596,114.82301627999999,117.62907999999999,99.4122,97.09144,26.2364,12.88372,13.44416,15.532960000000001,13.130840000000001,84.52436,1.48968,48.8852,20955.15372,3401.47048,9841.85568,941.3805199999999,2862.8104399999997,17047.51712,0.0,15598.4,6594.44,0.0,22192.84,17.803333333333335,16.713333333333335,0.0,29.443333333333335,159.96666666666667,223.89666666666668,85.28716,2,Eficientes,1
fideicomiso_ingenio_emiliano_zapata,610571.4311538462,610571.4311538462,5597.123076923077,82963.45192307692,0.0,82963.45192307692,0.0,0.0,0.0,18583.09446153846,140.91819888461538,140.91826923076923,92.46638461538463,91.95092307692309,26.38376923076923,12.019923076923076,16.02907692307692,17.99107692307692,15.316423076923076,88.60934615384615,2.4525384615384613,49.36861538461539,0.0,4273.496576923077,6580.976884615385,629.2245769230769,3877.1088076923074,15360.806846153846,0.0,0.0,0.0,0.0,0.0,142.7948717948718,23.150641025641026,0.0,90.9198717948718,50.42948717948718,307.2948717948718,84.47457692307692,2,Eficientes,1
fideicomiso_ingenio_la_providencia,477501.67124999996,461629.97212500003,8452.72125,51789.82958333333,0.0,51789.82958333333,0.0,0.0,0.0,15283.655166666666,106.18544945833332,109.66087499999999,94.87166666666667,95.32841666666667,26.556,12.813208333333334,12.562791666666667,15.247333333333332,12.6235,82.76954166666667,2.2072083333333334,48.72541666666667,15871.699125,2791.5669166666667,5108.720541666667,268.05554166666667,841.1615416666667,9009.504541666667,0.0,0.0,0.0,0.0,0.0,88.57291666666667,65.55486111111111,0.0,28.600694444444443,161.5347222222222,344.2673611111111,84.69008333333333,2,Eficientes,1
fideicomiso_ingenio_plan_de_san_luis,623559.168275862,600120.8006896551,10019.324103448274,71828.56206896552,71828.56206896552,0.0,0.0,0.0,0.0,18892.37027586207,112.79641803448276,117.19027586206897,93.08768965517241,93.5633103448276,26.56148275862069,13.712551724137931,13.412999999999998,16.248689655172413,13.007310344827586,82.94368965517242,1.456344827586207,48.063206896551726,21869.322413793103,2806.042827586207,6766.261448275862,646.2014137931035,2419.1530344827584,12637.658724137931,0.0,101229.31034482758,1111.0344827586207,0.0,102340.3448275862,326.3735632183908,2.3666666666666663,0.0,33.9683908045977,287.24712643678157,649.9712643678162,84.09072413793103,2,Eficientes,1
fideicomiso_ingenio_san_cristobal,1455829.5696296298,1403722.9925185186,26255.20692592593,151088.4345185185,59037.93837037037,92050.49614814816,0.0,0.0,0.0,46081.32003703704,105.93253348148149,109.79103703703704,92.572,90.65696296296295,27.184703703703704,13.202037037037037,12.73688888888889,15.456185185185186,11.997592592592593,80.71814814814815,2.538925925925926,49.46637037037038,48485.68196296296,10928.413777777778,17531.110444444446,1034.314962962963,5683.62437037037,35177.46355555556,0.0,612743.925925926,1023.7037037037037,0.0,613767.6296296297,446.8969135802469,12.928395061728395,0.0,27.298148148148147,166.68271604938272,653.7888888888889,81.49937037037037,0,Gigantes,0
fideicomiso_ingenio_san_miguelito,269051.39808333333,263653.5796666667,3825.76925,27824.774999999998,0.0,27824.774999999998,0.0,0.0,0.0,8529.346375,106.14211120833333,108.109625,94.22291666666666,94.494875,27.460166666666666,12.973999999999998,12.509375,15.012208333333334,12.545375,83.56779166666666,2.506,49.30625,5397.818416666666,1820.545,2734.0047083333334,452.3968333333333,758.4559166666667,5765.402458333334,0.0,0.0,0.0,0.0,0.0,78.60069444444444,23.055555555555557,0.0,43.0625,359.2638888888889,503.9826388888889,82.683,2,Eficientes,1
grupo_azucarero_san_pedro_s.a._de_c.v.,571829.6692692308,546198.9562692308,8872.794346153845,58422.4276923077,0.0,58422.4276923077,0.0,0.0,0.0,16654.43726923077,100.45692396153846,105.07569230769231,89.43273076923077,88.69376923076923,23.476230769230767,12.382846153846154,12.04823076923077,14.881423076923076,11.025538461538462,80.27192307692309,1.7022307692307694,48.65634615384616,23196.29446153846,2529.8882692307693,5799.488653846153,595.600153846154,2298.191846153846,11222.737038461539,0.0,162468.57692307694,1166.3076923076924,0.0,163634.88461538462,124.62884615384615,7.0858974358974365,20.326923076923077,46.30128205128205,563.9583333333333,762.301282051282,82.52269230769231,2,Eficientes,1
impulsora_azucarera_del_tropico_s.a_de_c.v. (la_joya),429478.2737727273,412087.06709090905,7424.290454545455,46256.431818181816,0.0,37775.58409090909,0.0,8480.847727272727,0.0,15376.918636363638,107.44602118181818,112.09345454545455,88.0100909090909,91.64495454545455,24.424636363636363,12.551136363636363,12.765863636363635,16.225409090909093,12.648272727272728,81.83331818181819,1.8917727272727272,47.99922727272727,16061.448863636364,2219.2657727272726,5664.615727272728,617.7677727272727,1347.4646818181818,9849.113954545453,0.0,0.0,0.0,0.0,0.0,125.76515151515152,22.973484848484848,70.31439393939394,73.61212121212121,69.98484848484848,362.65000000000003,80.64827272727273,2,Eficientes,1
ingeio_el_mante_s.a._de_c.v.,441430.7883870968,404933.63238709676,6929.120967741936,42301.819354838706,34084.495161290324,8217.324193548387,0.0,0.0,0.0,13255.156064516128,104.31352919354838,113.74990322580645,91.1345806451613,90.60367741935484,28.9118064516129,13.652903225806451,12.725129032258064,15.479,12.247032258064516,79.10032258064517,2.6279032258064516,50.68074193548387,34443.308774193545,3406.7999032258067,5881.1775806451615,588.1759677419356,2493.0724193548385,12369.22587096774,160092.0,244012.48387096773,0.0,96353.45161290323,500457.93548387097,517.505376344086,2.7580645161290325,0.0,199.68548387096774,187.9263440860215,974.3360215053764,76.23361290322582,0,Gigantes,0
ingenio_adolfo_lopez_mateos_s.a._de_c.v.,782142.5721428571,741814.0336071429,14258.197607142856,82779.62321428572,82779.62321428572,0.0,0.0,0.0,0.0,22134.643357142857,106.28382839285715,111.90503571428572,98.55464285714287,95.38607142857143,27.730821428571428,12.888499999999999,12.636107142857142,14.895642857142857,12.230214285714284,82.1027142857143,2.101607142857143,50.54071428571429,40328.53853571428,4524.9115357142855,7729.687285714286,1481.7700357142858,1932.985107142857,15669.353964285716,114508.0,2222098.1428571427,2048.1428571428573,0.0,2338654.285714286,201.64107142857142,8.846428571428572,0.0,11.724404761904763,132.30892857142857,354.54226190476186,83.47678571428571,0,Gigantes,0
ingenio_alianza_popular_s.a._de_c.v.,614693.0335483871,589543.9948387097,9968.621935483872,66829.64967741935,0.0,66829.64967741935,0.0,0.0,0.0,17628.97964516129,106.21920203225807,110.76783870967742,98.73712903225807,92.83090322580645,23.26958064516129,13.453354838709677,12.597225806451613,14.250935483870968,11.442354838709678,83.04729032258064,2.059774193548387,41.373064516129034,23670.481064516127,3196.7140000000004,5863.396677419355,1034.1619032258066,1883.6387096774195,11977.911290322581,0.0,0.0,0.0,0.0,0.0,81.47365591397849,10.111290322580645,0.0,39.98118279569893,561.1795698924731,692.7456989247311,84.58803225806452,2,Eficientes,1
ingenio_azsuremex_s.a._de_c.v.,65723.84111111112,65723.91333333333,1189.951111111111,5798.605555555555,0.0,5798.605555555555,0.0,0.0,0.0,1221.3483333333334,97.15083022222223,97.15088888888889,85.79744444444445,87.23866666666667,37.37488888888889,16.251777777777775,11.885777777777777,14.847111111111111,12.085,81.40288888888888,4.058444444444444,51.30477777777778,6846.667222222222,973.3354444444444,470.7438888888889,71.36644444444444,399.39444444444445,1914.8404444444443,97070.0,182247.11111111112,0.0,0.0,279317.1111111111,193.96296296296293,0.0,2.6666666666666665,53.22222222222222,152.82407407407408,402.6759259259259,73.84611111111111,1,Especialistas,2
ingenio_calipam_s.a._de_c.v.,32837.504,32480.233799999998,463.76000000000005,2529.92,0.0,2529.92,0.0,0.0,0.0,1377.0608,95.47638520000001,96.5666,62.6736,71.2474,29.7262,16.741,12.1174,17.8122,10.9588,76.7838,2.8398,49.619600000000005,264.4666,432.5032,463.02879999999993,106.64880000000001,187.2202,1189.401,82280.0,283205.6,20144.4,0.0,385630.0,179.76666666666665,5.116666666666666,0.0,5.0,20.4,210.28333333333336,70.5304,1,Especialistas,2
ingenio_constancia_s.a._de_c.v.,434604.18769230775,413561.31676923076,6384.191576923077,44400.09038461539,0.0,44400.09038461539,0.0,0.0,0.0,10335.541961538462,101.35077315384615,106.40996153846154,95.72749999999999,90.73692307692308,25.48646153846154,12.3605,12.155653846153847,14.357461538461537,11.072384615384616,80.26169230769231,2.4772307692307693,49.734,19629.959384615384,2954.509538461539,3690.908346153846,1287.0691153846153,427.0195769230769,8359.506576923077,0.0,0.0,63.69230769230769,0.0,63.69230769230769,158.81089743589743,7.6410256410256405,0.0,64.9673076923077,240.07051282051282,510.41987179487177,83.38334615384616,2,Eficientes,1
ingenio_de_huixtla_s.a._de_c.v.,597058.78,555176.4523913043,7034.547391304348,60651.66956521739,0.0,60651.66956521739,0.0,0.0,0.0,22092.341391304348,97.86875982608696,104.5433043478261,4.150347826086956,4.117347826086957,1.2126521739130434,12.773130434782608,12.392304347826087,15.861782608695654,0.549391304347826,79.10156521739131,2.2971304347826087,50.64304347826087,3789.2876956521736,3848.8995217391303,6528.34752173913,630.4320434782609,2557.9954347826088,13565.67452173913,0.0,249222.13043478262,1422.2173913043478,0.0,250644.34782608695,349.2557971014493,0.9065217391304349,0.0,55.583333333333336,1.1021739130434782,406.8478260869565,81.25082608695652,2,Eficientes,1
ingenio_de_puga_s.a.,823774.7660666667,803454.0333333333,8252.372666666666,91592.825,80364.45166666666,0.0,11228.373333333333,0.0,0.0,31408.878666666667,108.18662666666667,110.91260000000001,98.35883333333332,95.93546666666666,28.339666666666666,13.055399999999999,12.961900000000002,15.581199999999999,12.637733333333333,81.0719,1.85,51.30733333333333,20320.7686,4296.847966666666,9923.9102,1232.1127999999999,2080.6471666666666,17533.518133333335,293200.0,575135.3,267.6,0.0,868602.9,239.29444444444442,16.283333333333335,0.0,67.525,178.59444444444446,501.7,83.1263,0,Gigantes,0
ingenio_el_carmen_s.a._de_c.v.,144914.65777777776,140749.6996111111,2213.6666666666665,12484.722222222223,12484.722222222223,0.0,0.0,0.0,0.0,4804.75,98.64874449999999,101.53127777777779,4.8822777777777775,5.1770555555555555,1.6258333333333335,13.695777777777778,11.855055555555555,16.627388888888888,0.7244444444444444,81.29383333333334,2.8417777777777777,50.55455555555555,438.6181666666667,1226.4735,1880.3553888888887,304.8069444444444,813.8955,4225.531555555555,40489.0,1299181.611111111,4278.388888888889,0.0,1262016.1666666667,33.68055555555556,7.722222222222222,11.851851851851853,410.18055555555554,499.40740740740745,962.8425925925926,76.22033333333334,1,Especialistas,2
ingenio_el_higo_s.a._de_c.v.,929191.4321212121,875419.3608787878,12788.873,95797.9559090909,0.0,95797.9559090909,0.0,0.0,0.0,28851.944,102.67785878787879,108.88345454545454,87.86996969696969,91.64436363636364,29.990666666666666,13.127818181818183,12.122272727272728,15.139787878787878,12.262939393939394,83.4549393939394,2.0873636363636363,54.64506060606061,50593.14509090909,6310.679272727272,9202.433727272728,708.905,1102.5073333333332,17324.52566666667,0.0,0.0,0.0,0.0,0.0,161.5,27.66919191919192,0.0,45.67171717171718,438.6540404040404,713.780303030303,84.11954545454546,0,Gigantes,0
ingenio_el_molino_s.a._de_c.v.,1011163.1240000001,994304.026,10131.5,122240.95,0.0,122240.95,0.0,0.0,0.0,38018.56,60.2012165,61.2245,49.9335,48.0045,13.684,12.8215,14.2325,16.482,6.8395,83.184,2.1385,50.468500000000006,8538.0755,5516.933999999999,9882.264500000001,1582.25,2525.6615,19507.112,0.0,0.0,0.0,0.0,0.0,378.58333333333337,8.0,0.0,43.45833333333333,303.125,733.1666666666667,84.9765,0,Gigantes,0
ingenio_el_refugio_s.a._de_c.v,157007.16999999998,150180.2276451613,2257.648,15021.894225806453,0.0,13046.462967741936,0.0,1975.4312903225807,0.0,5365.476709677419,101.95030774193548,106.46425806451613,56.914580645161294,59.72225806451613,18.640064516129033,12.943870967741935,12.225225806451613,15.041548387096775,8.694709677419356,80.80503225806451,2.666903225806452,50.86196774193549,3798.655870967742,1219.4806129032256,1716.3460322580645,304.14948387096774,819.5196129032258,4059.4958064516127,0.0,0.0,0.0,0.0,0.0,178.502688172043,16.54569892473118,0.0,32.553763440860216,377.41666666666663,605.0188172043011,78.61370967741935,1,Especialistas,2
ingenio_jose_maria_morelos_s._a._de_c._v.,340041.8829166666,330145.5233333334,4773.864583333333,34338.385416666664,0.0,34338.385416666664,0.0,0.0,0.0,11954.032500000001,100.18835195833333,103.196125,96.38116666666667,95.45933333333333,27.712625,12.683041666666666,11.993333333333332,14.687125,11.879624999999999,80.855625,1.9642916666666668,51.41166666666667,9896.359583333333,1982.53225,3823.512625,641.1869583333333,628.7977500000001,7076.029583333333,0.0,0.0,478.7083333333333,0.0,478.7083333333333,101.73958333333333,16.92361111111111,0.0,14.510416666666666,181.13194444444443,314.30555555555554,82.677875,2,Eficientes,1
ingenio_la_gloria_s.a.,730588.0289473685,701500.9703157895,8566.881578947368,81953.71852631579,0.0,70909.45494736843,0.0,11044.263578947368,0.0,23792.978368421056,112.7204957368421,117.32457894736842,99.08778947368421,96.43673684210526,26.504789473684212,13.190473684210525,13.311315789473683,15.519368421052631,12.957157894736843,83.48563157894738,1.7897894736842106,47.666315789473686,29087.058631578944,3517.557052631579,8346.332789473685,1327.514736842105,2004.2585789473685,15195.663157894736,0.0,0.0,0.0,0.0,0.0,116.34912280701754,9.92982456140351,22.975438596491227,75.85964912280701,56.570175438596486,281.6842105263158,83.50363157894736,2,Eficientes,1
ingenio_la_margarita_s.a._de_c.v.,498580.45192307694,487829.72326923074,9688.917692307692,56345.54615384615,0.0,54800.73269230769,0.0,1544.8134615384615,0.0,14103.704153846154,111.92813396153846,114.3866153846154,94.34388461538461,91.80084615384615,27.749000000000002,13.899269230769232,13.277192307692307,15.465307692307693,12.404961538461539,83.54507692307692,1.9998076923076922,48.84753846153846,9983.19796153846,3066.1172307692304,5169.843307692308,1037.1327307692309,1422.9541538461538,10696.047423076923,0.0,0.0,0.0,0.0,0.0,116.25961538461539,22.828205128205127,0.0,22.809615384615384,290.83141025641027,452.7288461538462,83.92365384615384,2,Eficientes,1
ingenio_lazaro_cardenas_s.a._de_c.v,207295.70056000003,203498.53628,2446.28932,23595.222,17509.254,6085.968000000001,0.0,0.0,0.0,7027.15848,116.15068648,118.09328,3.94132,3.8734800000000003,0.92384,10.73876,13.291279999999999,15.21992,0.5322399999999999,86.01016,1.76172,51.08312,293.38644,869.58856,2270.96416,181.2962,463.53052,3785.37928,0.0,0.0,0.0,0.0,0.0,40.50666666666667,13.77,0.0,58.85666666666667,97.46,210.59333333333333,85.89844000000001,2,Eficientes,1
ingenio_mahuixtlan_s.a._de_c.v,240927.46848387097,234740.56758064515,2563.89,24688.565322580645,0.0,24688.565322580645,0.0,0.0,0.0,6570.049677419355,102.43265774193549,105.07774193548387,89.42277419354838,94.23183870967742,27.14961290322581,12.716290322580644,12.048935483870968,15.18774193548387,12.697032258064516,83.60083870967743,2.559387096774193,49.94451612903226,6209.265677419355,1650.988935483871,2208.5879354838708,167.04500000000002,302.9580967741935,4329.580064516129,0.0,0.0,0.0,0.0,0.0,37.11021505376344,18.473118279569892,0.0,53.236559139784944,755.1962365591397,864.016129032258,84.94912903225806,2,Eficientes,1
ingenio_melchor_ocampo_s.a._de_c.v.,586134.3286666666,554741.3493333333,4601.766666666666,66694.95333333334,0.0,66694.95333333334,0.0,0.0,0.0,22479.256366666665,114.24941146666667,120.68033333333332,94.14786666666667,95.834,28.295666666666666,12.566033333333333,13.373166666666666,16.160833333333333,13.612400000000001,84.2209,1.9652333333333334,52.81303333333334,31392.975333333332,3274.9016666666666,7518.716333333333,680.4931666666666,1082.9298333333334,12557.041066666667,0.0,0.0,0.0,0.0,0.0,80.625,7.247222222222222,0.0,7.555555555555555,213.88055555555556,309.30833333333334,83.61766666666668,2,Eficientes,1
ingenio_panuco_s._a._p._i._de_c._v.,844522.0620625,803139.7221875,9830.993125,85759.9640625,0.0,51616.928125,0.0,34143.0359375,0.0,25058.8699375,103.69064603125,108.94534374999999,97.3895,94.62715625,30.351,14.465375,12.7001875,15.55375,12.3401875,79.34190625,2.24653125,49.44125,41382.339875,5874.4076562499995,8629.5756875,794.6588125,6240.91146875,21539.553625,0.0,0.0,0.0,0.0,0.0,258.24583333333334,2.0453125,0.0,40.924479166666664,384.9557291666667,686.1713541666667,79.87146875,0,Gigantes,0
ingenio_pedernales_s.a._de_c.v.,192567.64769565218,190474.49973913044,2141.365217391304,23327.043478260868,0.0,6582.532608695652,16744.510869565216,0.0,0.0,6542.51652173913,118.85129369565219,120.14221739130436,97.6647391304348,94.33760869565216,30.815217391304348,14.545521739130436,14.171130434782608,16.400652173913045,13.686521739130436,83.44960869565217,2.6022173913043476,49.441478260869566,2093.147956521739,1542.0380000000002,2007.169956521739,187.3701739130435,398.9570869565217,4135.535217391304,0.0,0.0,0.0,0.0,0.0,105.7536231884058,26.699275362318843,0.0,121.69565217391305,92.8913043478261,347.0398550724638,84.5455652173913,2,Eficientes,1
ingenio_plan_de_ayala_s.a._de_c.v.,641701.4690303031,612567.9373636363,10016.56303030303,64075.234242424245,64075.234242424245,0.0,0.0,0.0,1.121212121212121,19063.84096969697,107.09727048484848,112.19221212121212,94.5130909090909,95.57284848484848,27.104545454545455,12.617030303030305,12.689060606060606,15.570666666666666,12.827636363636364,82.37324242424242,2.0726060606060606,50.407878787878786,29133.53166666667,3774.779,6656.662969696969,1085.8198484848485,5424.923606060605,16942.185424242423,29500.0,857271.4242424242,0.0,0.0,857044.1515151515,123.1010101010101,10.101010100989898,0.0,63.62626262626262,462.20959595959596,659.3282828282828,79.73539393939394,0,Gigantes,0
ingenio_presidente_benito_juarez_s.a._de_c.v.,484628.50580000004,461798.70905,9575.04845,45463.4975,29779.909999999996,2601.6974999999998,13081.89,0.0,0.0,15000.550299999999,99.7432318,104.43220000000001,4.8976500000000005,4.77675,1.50005,13.9595,12.1336,15.103200000000001,0.59815,79.7975,1.8861,50.1586,2530.79255,2617.36915,5271.7996,704.0818999999999,2619.1576,11212.40825,0.0,44877.65,0.0,0.0,44877.65,208.30416666666665,0.0,0.0,18.9875,566.9208333333333,813.2541666666667,80.5951,2,Eficientes,1
ingenio_queseria_s.a._de_c.v.,776704.8646875,750699.09909375,9178.6733125,84678.6703125,0.0,39364.234375,45314.4359375,0.0,0.0,29663.40278125,104.86941446875,108.60865625,97.47165625,92.8594375,24.9905,12.37434375,12.7253125,15.42025,11.724875,78.59628125,1.9733749999999999,49.21640625,24585.674125,4127.67728125,10027.2156875,1016.557875,968.98140625,16140.8704375,0.0,0.0,0.0,0.0,0.0,251.35520833333334,0.0,0.0,50.32395833333333,72.40104166666667,400.1859375,83.28428125,2,Eficientes,1
ingenio_san_francisco_ameca_s.a._de_c.v.,668210.3896296296,644422.9003333333,6719.778888888889,77052.72592592593,0.0,2854.5148148148146,74198.21111111112,0.0,0.0,25360.232518518522,111.29231466666667,115.39459259259259,98.75437037037037,96.52807407407407,24.64837037037037,11.553814814814816,13.12411111111111,15.639666666666667,12.821666666666667,81.9544814814815,1.8475925925925925,50.49659259259259,23787.489296296295,3113.9981851851853,7479.969074074074,522.0166296296296,1568.5624814814814,12684.54637037037,0.0,0.0,0.0,0.0,0.0,100.51975308641975,1.6043209876543207,0.0,6.541358024691358,83.66604938271605,192.33086419753087,85.30522222222223,2,Eficientes,1
ingenio_san_jose_de_abajo_s.a._de_c.v.,197456.13999999998,191272.94457142858,3324.44619047619,19944.038095238095,0.0,19944.038095238095,0.0,0.0,0.0,5973.182666666667,108.99878971428572,112.50404761904763,17.377904761904762,17.609142857142857,5.608142857142857,13.295619047619049,12.973761904761906,15.909761904761906,2.4711428571428575,82.35347619047619,3.0304285714285717,50.419999999999995,1227.834,1963.6556666666668,2315.2754285714286,415.2179047619047,881.1285238095238,5632.317666666667,0.0,0.0,0.0,0.0,0.0,141.3968253968254,6.871428571428572,10.285714285714286,215.83015873015873,276.497619047619,650.8626984126984,77.79628571428572,1,Especialistas,2
ingenio_san_miguel_del_naranjo_s.a._de_c.v.,934257.382,895279.5622571429,14831.281142857144,99680.2342857143,35109.80285714286,64570.43142857143,0.0,0.0,0.0,33318.44257142857,104.31128694285714,108.91628571428572,99.58357142857143,95.2548857142857,31.581200000000003,14.988142857142858,12.569571428571429,14.606342857142856,12.020285714285714,82.2710857142857,1.8853714285714285,49.76914285714286,38977.8196,5581.975857142857,10672.019485714287,928.9618285714286,2864.5880857142856,20047.545114285716,0.0,0.0,0.0,0.0,0.0,294.62857142857143,0.0,0.0,106.68571428571428,420.8,822.1142857142858,82.73082857142857,0,Gigantes,0
ingenio_san_nicolas_s.a._de_c.v.,469657.8481818182,449388.13886363636,6375.851818181818,48909.80909090909,46217.67272727273,2692.1363636363635,0.0,0.0,0.0,15499.009636363637,106.70145036363637,111.49327272727272,98.32740909090909,96.27636363636363,27.298863636363638,12.915,12.663454545454545,15.047363636363634,12.400045454545454,82.39863636363636,1.7268636363636363,50.27590909090909,20269.709318181816,2225.923772727273,5223.817863636364,473.7257272727273,1603.1636818181819,9526.631045454546,200083.0,758132.2727272727,11054.136363636364,0.0,969269.4090909091,52.23484848484849,12.549242424242424,67.19318181818181,44.06439393939394,289.3901515151515,465.4318181818182,83.8089090909091,2,Eficientes,1
ingenio_san_rafael_de_pucte_s.a._de_c.v.,812136.4172413794,763303.3088275862,15245.741379310344,80193.78620689655,0.0,79254.78620689655,939.0,0.0,0.0,27835.210344827585,98.39540141379311,104.43172413793103,97.38013793103448,95.23924137931034,26.47693103448276,12.439103448275862,12.152655172413795,15.569068965517241,11.885862068965517,76.34351724137932,2.1852068965517244,49.75086206896552,48833.106379310346,4743.279965517241,10451.994517241379,1811.785275862069,1554.9773448275862,18560.155586206896,0.0,0.0,0.0,0.0,0.0,251.48218390804598,19.358620689655172,0.0,23.733333333333334,137.8706896551724,432.4454022988506,80.41679310344827,0,Gigantes,0
ingenio_santa_clara_s.a._de_c.v.,353441.9216666667,344379.995,3338.4166666666665,38979.708333333336,0.0,38979.708333333336,0.0,0.0,0.0,14052.224291666667,108.19119541666667,111.04950000000001,4.070166666666666,3.997666666666667,1.2802499999999999,14.328458333333332,13.159125000000001,16.23825,0.550375,80.194125,1.8055833333333335,50.840833333333336,734.5975,1928.000875,4624.8379583333335,368.22575,730.8017916666666,7656.028833333334,0.0,0.0,0.0,0.0,0.0,80.81944444444444,3.0729166666666665,0.0,14.055555555555555,170.07986111111111,268.65972222222223,83.41608333333333,2,Eficientes,1
ingenio_tala_s.a._de_c.v.,1212236.9029629629,1165491.4833703702,12127.18185185185,137046.21851851852,0.0,137046.21851851852,0.0,0.0,0.0,43881.55259259259,108.55648522222224,112.73888888888888,3.697888888888889,3.5354814814814812,0.9661851851851851,11.406592592592594,12.818074074074074,15.062148148148149,0.48985185185185187,81.55566666666667,2.287925925925926,52.88551851851852,3436.218814814815,7314.740925925926,12583.833777777778,1540.534111111111,1576.1725185185185,23015.281444444445,0.0,0.0,0.0,0.0,0.0,154.5395061728395,19.02901234567901,0.0,30.16604938271605,136.31666666666666,340.41543209876545,84.765,0,Gigantes,0
ingenio_tamazula_s.a._de_c.v,781512.6203333333,740305.4058333334,6914.5543333333335,85144.60666666667,72660.75333333334,12483.853333333333,0.0,0.0,251053.33333333334,25903.0783,104.5574348,110.48903333333332,97.75776666666667,94.45436666666666,31.664266666666666,14.939166666666667,13.1154,15.512066666666668,12.674266666666666,81.66433333333333,2.3012333333333337,49.68116666666666,41247.60483333333,5997.3802,9827.998266666666,1123.458933333333,2266.9241666666667,19215.761566666664,0.0,0.0,0.0,0.0,0.0,393.33888888888885,10.963888888922222,0.0,57.577777777777776,84.33888888888889,547.1627777777778,81.4807,0,Gigantes,0
ingenio_tres_valles_s.a._de_c.v.,1240880.9150333332,1189704.9515333334,20186.321,139773.94166666668,139773.94166666668,0.0,0.0,0.0,0.0,35232.2192,110.00632366666667,114.69616666666667,94.30733333333333,93.26933333333334,26.944166666666668,12.965766666666667,12.9406,15.256833333333333,12.354666666666667,83.8496,1.5743333333333334,51.13433333333333,47982.36056666667,5710.424233333334,11530.979866666667,1684.1278333333332,2766.159533333333,21691.691466666663,0.0,0.0,0.0,0.0,0.0,121.74444444444445,5.65888888888889,0.0,0.13333333333333333,123.75222222222222,251.3038888888889,86.05766666666666,0,Gigantes,0
santa_rosalia_de_la_chontalpa_s.a_de_c.v.,293473.543,285899.2184,6217.565799999999,29521.1875,0.0,29521.1875,0.0,0.0,0.0,8980.14325,98.86865085,101.35650000000001,98.2834,95.3597,28.2618,13.418000000000001,12.21565,15.36285,11.8518,77.1515,2.0052,48.90675,7574.8356,1686.75045,3454.05985,443.60425,848.8028,6433.2176,0.0,0.0,0.0,0.0,0.0,185.01083333333332,2.435,0.0,94.0275,202.91833333333335,4